filename,char,char_index,sample_index
白_000.csv,白,0,0
白_001.csv,白,0,1
白_002.csv,白,0,2
白_003.csv,白,0,3
白_004.csv,白,0,4
白_005.csv,白,0,5
白_006.csv,白,0,6
白_007.csv,白,0,7
白_008.csv,白,0,8
白_009.csv,白,0,9
在_000.csv,在,1,0
在_001.csv,在,1,1
在_002.csv,在,1,2
在_003.csv,在,1,3
在_004.csv,在,1,4
在_005.csv,在,1,5
在_006.csv,在,1,6
在_007.csv,在,1,7
在_008.csv,在,1,8
在_009.csv,在,1,9
的_000.csv,的,2,0
的_001.csv,的,2,1
的_002.csv,的,2,2
的_003.csv,的,2,3
的_004.csv,的,2,4
的_005.csv,的,2,5
的_006.csv,的,2,6
的_007.csv,的,2,7
的_008.csv,的,2,8
的_009.csv,的,2,9
云_000.csv,云,3,0
云_001.csv,云,3,1
云_002.csv,云,3,2
云_003.csv,云,3,3
云_004.csv,云,3,4
云_005.csv,云,3,5
云_006.csv,云,3,6
云_007.csv,云,3,7
云_008.csv,云,3,8
云_009.csv,云,3,9
国_000.csv,国,4,0
国_001.csv,国,4,1
国_002.csv,国,4,2
国_003.csv,国,4,3
国_004.csv,国,4,4
国_005.csv,国,4,5
国_006.csv,国,4,6
国_007.csv,国,4,7
国_008.csv,国,4,8
国_009.csv,国,4,9
要_000.csv,要,5,0
要_001.csv,要,5,1
要_002.csv,要,5,2
要_003.csv,要,5,3
要_004.csv,要,5,4
要_005.csv,要,5,5
要_006.csv,要,5,6
要_007.csv,要,5,7
要_008.csv,要,5,8
要_009.csv,要,5,9
我_000.csv,我,6,0
我_001.csv,我,6,1
我_002.csv,我,6,2
我_003.csv,我,6,3
我_004.csv,我,6,4
我_005.csv,我,6,5
我_006.csv,我,6,6
我_007.csv,我,6,7
我_008.csv,我,6,8
我_009.csv,我,6,9
书_000.csv,书,7,0
书_001.csv,书,7,1
书_002.csv,书,7,2
书_003.csv,书,7,3
书_004.csv,书,7,4
书_005.csv,书,7,5
书_006.csv,书,7,6
书_007.csv,书,7,7
书_008.csv,书,7,8
书_009.csv,书,7,9
说_000.csv,说,8,0
说_001.csv,说,8,1
说_002.csv,说,8,2
说_003.csv,说,8,3
说_004.csv,说,8,4
说_005.csv,说,8,5
说_006.csv,说,8,6
说_007.csv,说,8,7
说_008.csv,说,8,8
说_009.csv,说,8,9
人_000.csv,人,9,0
人_001.csv,人,9,1
人_002.csv,人,9,2
人_003.csv,人,9,3
人_004.csv,人,9,4
人_005.csv,人,9,5
人_006.csv,人,9,6
人_007.csv,人,9,7
人_008.csv,人,9,8
人_009.csv,人,9,9
活_000.csv,活,10,0
活_001.csv,活,10,1
活_002.csv,活,10,2
活_003.csv,活,10,3
活_004.csv,活,10,4
活_005.csv,活,10,5
活_006.csv,活,10,6
活_007.csv,活,10,7
活_008.csv,活,10,8
活_009.csv,活,10,9
文_000.csv,文,11,0
文_001.csv,文,11,1
文_002.csv,文,11,2
文_003.csv,文,11,3
文_004.csv,文,11,4
文_005.csv,文,11,5
文_006.csv,文,11,6
文_007.csv,文,11,7
文_008.csv,文,11,8
文_009.csv,文,11,9
字_000.csv,字,12,0
字_001.csv,字,12,1
字_002.csv,字,12,2
字_003.csv,字,12,3
字_004.csv,字,12,4
字_005.csv,字,12,5
字_006.csv,字,12,6
字_007.csv,字,12,7
字_008.csv,字,12,8
字_009.csv,字,12,9
中_000.csv,中,13,0
中_001.csv,中,13,1
中_002.csv,中,13,2
中_003.csv,中,13,3
中_004.csv,中,13,4
中_005.csv,中,13,5
中_006.csv,中,13,6
中_007.csv,中,13,7
中_008.csv,中,13,8
中_009.csv,中,13,9
火_000.csv,火,14,0
火_001.csv,火,14,1
火_002.csv,火,14,2
火_003.csv,火,14,3
火_004.csv,火,14,4
火_005.csv,火,14,5
火_006.csv,火,14,6
火_007.csv,火,14,7
火_008.csv,火,14,8
火_009.csv,火,14,9
们_000.csv,们,15,0
们_001.csv,们,15,1
们_002.csv,们,15,2
们_003.csv,们,15,3
们_004.csv,们,15,4
们_005.csv,们,15,5
们_006.csv,们,15,6
们_007.csv,们,15,7
们_008.csv,们,15,8
们_009.csv,们,15,9
好_000.csv,好,16,0
好_001.csv,好,16,1
好_002.csv,好,16,2
好_003.csv,好,16,3
好_004.csv,好,16,4
好_005.csv,好,16,5
好_006.csv,好,16,6
好_007.csv,好,16,7
好_008.csv,好,16,8
好_009.csv,好,16,9
水_000.csv,水,17,0
水_001.csv,水,17,1
水_002.csv,水,17,2
水_003.csv,水,17,3
水_004.csv,水,17,4
水_005.csv,水,17,5
水_006.csv,水,17,6
水_007.csv,水,17,7
水_008.csv,水,17,8
水_009.csv,水,17,9
天_000.csv,天,18,0
天_001.csv,天,18,1
天_002.csv,天,18,2
天_003.csv,天,18,3
天_004.csv,天,18,4
天_005.csv,天,18,5
天_006.csv,天,18,6
天_007.csv,天,18,7
天_008.csv,天,18,8
天_009.csv,天,18,9
日_000.csv,日,19,0
日_001.csv,日,19,1
日_002.csv,日,19,2
日_003.csv,日,19,3
日_004.csv,日,19,4
日_005.csv,日,19,5
日_006.csv,日,19,6
日_007.csv,日,19,7
日_008.csv,日,19,8
日_009.csv,日,19,9
学_000.csv,学,20,0
学_001.csv,学,20,1
学_002.csv,学,20,2
学_003.csv,学,20,3
学_004.csv,学,20,4
学_005.csv,学,20,5
学_006.csv,学,20,6
学_007.csv,学,20,7
学_008.csv,学,20,8
学_009.csv,学,20,9
有_000.csv,有,21,0
有_001.csv,有,21,1
有_002.csv,有,21,2
有_003.csv,有,21,3
有_004.csv,有,21,4
有_005.csv,有,21,5
有_006.csv,有,21,6
有_007.csv,有,21,7
有_008.csv,有,21,8
有_009.csv,有,21,9
爱_000.csv,爱,22,0
爱_001.csv,爱,22,1
爱_002.csv,爱,22,2
爱_003.csv,爱,22,3
爱_004.csv,爱,22,4
爱_005.csv,爱,22,5
爱_006.csv,爱,22,6
爱_007.csv,爱,22,7
爱_008.csv,爱,22,8
爱_009.csv,爱,22,9
上_000.csv,上,23,0
上_001.csv,上,23,1
上_002.csv,上,23,2
上_003.csv,上,23,3
上_004.csv,上,23,4
上_005.csv,上,23,5
上_006.csv,上,23,6
上_007.csv,上,23,7
上_008.csv,上,23,8
上_009.csv,上,23,9
写_000.csv,写,24,0
写_001.csv,写,24,1
写_002.csv,写,24,2
写_003.csv,写,24,3
写_004.csv,写,24,4
写_005.csv,写,24,5
写_006.csv,写,24,6
写_007.csv,写,24,7
写_008.csv,写,24,8
写_009.csv,写,24,9
家_000.csv,家,25,0
家_001.csv,家,25,1
家_002.csv,家,25,2
家_003.csv,家,25,3
家_004.csv,家,25,4
家_005.csv,家,25,5
家_006.csv,家,25,6
家_007.csv,家,25,7
家_008.csv,家,25,8
家_009.csv,家,25,9
红_000.csv,红,26,0
红_001.csv,红,26,1
红_002.csv,红,26,2
红_003.csv,红,26,3
红_004.csv,红,26,4
红_005.csv,红,26,5
红_006.csv,红,26,6
红_007.csv,红,26,7
红_008.csv,红,26,8
红_009.csv,红,26,9
会_000.csv,会,27,0
会_001.csv,会,27,1
会_002.csv,会,27,2
会_003.csv,会,27,3
会_004.csv,会,27,4
会_005.csv,会,27,5
会_006.csv,会,27,6
会_007.csv,会,27,7
会_008.csv,会,27,8
会_009.csv,会,27,9
生_000.csv,生,28,0
生_001.csv,生,28,1
生_002.csv,生,28,2
生_003.csv,生,28,3
生_004.csv,生,28,4
生_005.csv,生,28,5
生_006.csv,生,28,6
生_007.csv,生,28,7
生_008.csv,生,28,8
生_009.csv,生,28,9
他_000.csv,他,29,0
他_001.csv,他,29,1
他_002.csv,他,29,2
他_003.csv,他,29,3
他_004.csv,他,29,4
他_005.csv,他,29,5
他_006.csv,他,29,6
他_007.csv,他,29,7
他_008.csv,他,29,8
他_009.csv,他,29,9
和_000.csv,和,30,0
和_001.csv,和,30,1
和_002.csv,和,30,2
和_003.csv,和,30,3
和_004.csv,和,30,4
和_005.csv,和,30,5
和_006.csv,和,30,6
和_007.csv,和,30,7
和_008.csv,和,30,8
和_009.csv,和,30,9
山_000.csv,山,31,0
山_001.csv,山,31,1
山_002.csv,山,31,2
山_003.csv,山,31,3
山_004.csv,山,31,4
山_005.csv,山,31,5
山_006.csv,山,31,6
山_007.csv,山,31,7
山_008.csv,山,31,8
山_009.csv,山,31,9
了_000.csv,了,32,0
了_001.csv,了,32,1
了_002.csv,了,32,2
了_003.csv,了,32,3
了_004.csv,了,32,4
了_005.csv,了,32,5
了_006.csv,了,32,6
了_007.csv,了,32,7
了_008.csv,了,32,8
了_009.csv,了,32,9
是_000.csv,是,33,0
是_001.csv,是,33,1
是_002.csv,是,33,2
是_003.csv,是,33,3
是_004.csv,是,33,4
是_005.csv,是,33,5
是_006.csv,是,33,6
是_007.csv,是,33,7
是_008.csv,是,33,8
是_009.csv,是,33,9
就_000.csv,就,34,0
就_001.csv,就,34,1
就_002.csv,就,34,2
就_003.csv,就,34,3
就_004.csv,就,34,4
就_005.csv,就,34,5
就_006.csv,就,34,6
就_007.csv,就,34,7
就_008.csv,就,34,8
就_009.csv,就,34,9
一_000.csv,一,35,0
一_001.csv,一,35,1
一_002.csv,一,35,2
一_003.csv,一,35,3
一_004.csv,一,35,4
一_005.csv,一,35,5
一_006.csv,一,35,6
一_007.csv,一,35,7
一_008.csv,一,35,8
一_009.csv,一,35,9
也_000.csv,也,36,0
也_001.csv,也,36,1
也_002.csv,也,36,2
也_003.csv,也,36,3
也_004.csv,也,36,4
也_005.csv,也,36,5
也_006.csv,也,36,6
也_007.csv,也,36,7
也_008.csv,也,36,8
也_009.csv,也,36,9
到_000.csv,到,37,0
到_001.csv,到,37,1
到_002.csv,到,37,2
到_003.csv,到,37,3
到_004.csv,到,37,4
到_005.csv,到,37,5
到_006.csv,到,37,6
到_007.csv,到,37,7
到_008.csv,到,37,8
到_009.csv,到,37,9
去_000.csv,去,38,0
去_001.csv,去,38,1
去_002.csv,去,38,2
去_003.csv,去,38,3
去_004.csv,去,38,4
去_005.csv,去,38,5
去_006.csv,去,38,6
去_007.csv,去,38,7
去_008.csv,去,38,8
去_009.csv,去,38,9
着_000.csv,着,39,0
着_001.csv,着,39,1
着_002.csv,着,39,2
着_003.csv,着,39,3
着_004.csv,着,39,4
着_005.csv,着,39,5
着_006.csv,着,39,6
着_007.csv,着,39,7
着_008.csv,着,39,8
着_009.csv,着,39,9
没_000.csv,没,40,0
没_001.csv,没,40,1
没_002.csv,没,40,2
没_003.csv,没,40,3
没_004.csv,没,40,4
没_005.csv,没,40,5
没_006.csv,没,40,6
没_007.csv,没,40,7
没_008.csv,没,40,8
没_009.csv,没,40,9
看_000.csv,看,41,0
看_001.csv,看,41,1
看_002.csv,看,41,2
看_003.csv,看,41,3
看_004.csv,看,41,4
看_005.csv,看,41,5
看_006.csv,看,41,6
看_007.csv,看,41,7
看_008.csv,看,41,8
看_009.csv,看,41,9
自_000.csv,自,42,0
自_001.csv,自,42,1
自_002.csv,自,42,2
自_003.csv,自,42,3
自_004.csv,自,42,4
自_005.csv,自,42,5
自_006.csv,自,42,6
自_007.csv,自,42,7
自_008.csv,自,42,8
自_009.csv,自,42,9
这_000.csv,这,43,0
这_001.csv,这,43,1
这_002.csv,这,43,2
这_003.csv,这,43,3
这_004.csv,这,43,4
这_005.csv,这,43,5
这_006.csv,这,43,6
这_007.csv,这,43,7
这_008.csv,这,43,8
这_009.csv,这,43,9
来_000.csv,来,44,0
来_001.csv,来,44,1
来_002.csv,来,44,2
来_003.csv,来,44,3
来_004.csv,来,44,4
来_005.csv,来,44,5
来_006.csv,来,44,6
来_007.csv,来,44,7
来_008.csv,来,44,8
来_009.csv,来,44,9
为_000.csv,为,45,0
为_001.csv,为,45,1
为_002.csv,为,45,2
为_003.csv,为,45,3
为_004.csv,为,45,4
为_005.csv,为,45,5
为_006.csv,为,45,6
为_007.csv,为,45,7
为_008.csv,为,45,8
为_009.csv,为,45,9
能_000.csv,能,46,0
能_001.csv,能,46,1
能_002.csv,能,46,2
能_003.csv,能,46,3
能_004.csv,能,46,4
能_005.csv,能,46,5
能_006.csv,能,46,6
能_007.csv,能,46,7
能_008.csv,能,46,8
能_009.csv,能,46,9
下_000.csv,下,47,0
下_001.csv,下,47,1
下_002.csv,下,47,2
下_003.csv,下,47,3
下_004.csv,下,47,4
下_005.csv,下,47,5
下_006.csv,下,47,6
下_007.csv,下,47,7
下_008.csv,下,47,8
下_009.csv,下,47,9
多_000.csv,多,48,0
多_001.csv,多,48,1
多_002.csv,多,48,2
多_003.csv,多,48,3
多_004.csv,多,48,4
多_005.csv,多,48,5
多_006.csv,多,48,6
多_007.csv,多,48,7
多_008.csv,多,48,8
多_009.csv,多,48,9
时_000.csv,时,49,0
时_001.csv,时,49,1
时_002.csv,时,49,2
时_003.csv,时,49,3
时_004.csv,时,49,4
时_005.csv,时,49,5
时_006.csv,时,49,6
时_007.csv,时,49,7
时_008.csv,时,49,8
时_009.csv,时,49,9
以_000.csv,以,50,0
以_001.csv,以,50,1
以_002.csv,以,50,2
以_003.csv,以,50,3
以_004.csv,以,50,4
以_005.csv,以,50,5
以_006.csv,以,50,6
以_007.csv,以,50,7
以_008.csv,以,50,8
以_009.csv,以,50,9
得_000.csv,得,51,0
得_001.csv,得,51,1
得_002.csv,得,51,2
得_003.csv,得,51,3
得_004.csv,得,51,4
得_005.csv,得,51,5
得_006.csv,得,51,6
得_007.csv,得,51,7
得_008.csv,得,51,8
得_009.csv,得,51,9
年_000.csv,年,52,0
年_001.csv,年,52,1
年_002.csv,年,52,2
年_003.csv,年,52,3
年_004.csv,年,52,4
年_005.csv,年,52,5
年_006.csv,年,52,6
年_007.csv,年,52,7
年_008.csv,年,52,8
年_009.csv,年,52,9
对_000.csv,对,53,0
对_001.csv,对,53,1
对_002.csv,对,53,2
对_003.csv,对,53,3
对_004.csv,对,53,4
对_005.csv,对,53,5
对_006.csv,对,53,6
对_007.csv,对,53,7
对_008.csv,对,53,8
对_009.csv,对,53,9
可_000.csv,可,54,0
可_001.csv,可,54,1
可_002.csv,可,54,2
可_003.csv,可,54,3
可_004.csv,可,54,4
可_005.csv,可,54,5
可_006.csv,可,54,6
可_007.csv,可,54,7
可_008.csv,可,54,8
可_009.csv,可,54,9
用_000.csv,用,55,0
用_001.csv,用,55,1
用_002.csv,用,55,2
用_003.csv,用,55,3
用_004.csv,用,55,4
用_005.csv,用,55,5
用_006.csv,用,55,6
用_007.csv,用,55,7
用_008.csv,用,55,8
用_009.csv,用,55,9
后_000.csv,后,56,0
后_001.csv,后,56,1
后_002.csv,后,56,2
后_003.csv,后,56,3
后_004.csv,后,56,4
后_005.csv,后,56,5
后_006.csv,后,56,6
后_007.csv,后,56,7
后_008.csv,后,56,8
后_009.csv,后,56,9
过_000.csv,过,57,0
过_001.csv,过,57,1
过_002.csv,过,57,2
过_003.csv,过,57,3
过_004.csv,过,57,4
过_005.csv,过,57,5
过_006.csv,过,57,6
过_007.csv,过,57,7
过_008.csv,过,57,8
过_009.csv,过,57,9
大_000.csv,大,58,0
大_001.csv,大,58,1
大_002.csv,大,58,2
大_003.csv,大,58,3
大_004.csv,大,58,4
大_005.csv,大,58,5
大_006.csv,大,58,6
大_007.csv,大,58,7
大_008.csv,大,58,8
大_009.csv,大,58,9
小_000.csv,小,59,0
小_001.csv,小,59,1
小_002.csv,小,59,2
小_003.csv,小,59,3
小_004.csv,小,59,4
小_005.csv,小,59,5
小_006.csv,小,59,6
小_007.csv,小,59,7
小_008.csv,小,59,8
小_009.csv,小,59,9
出_000.csv,出,60,0
出_001.csv,出,60,1
出_002.csv,出,60,2
出_003.csv,出,60,3
出_004.csv,出,60,4
出_005.csv,出,60,5
出_006.csv,出,60,6
出_007.csv,出,60,7
出_008.csv,出,60,8
出_009.csv,出,60,9
如_000.csv,如,61,0
如_001.csv,如,61,1
如_002.csv,如,61,2
如_003.csv,如,61,3
如_004.csv,如,61,4
如_005.csv,如,61,5
如_006.csv,如,61,6
如_007.csv,如,61,7
如_008.csv,如,61,8
如_009.csv,如,61,9
现_000.csv,现,62,0
现_001.csv,现,62,1
现_002.csv,现,62,2
现_003.csv,现,62,3
现_004.csv,现,62,4
现_005.csv,现,62,5
现_006.csv,现,62,6
现_007.csv,现,62,7
现_008.csv,现,62,8
现_009.csv,现,62,9
前_000.csv,前,63,0
前_001.csv,前,63,1
前_002.csv,前,63,2
前_003.csv,前,63,3
前_004.csv,前,63,4
前_005.csv,前,63,5
前_006.csv,前,63,6
前_007.csv,前,63,7
前_008.csv,前,63,8
前_009.csv,前,63,9
所_000.csv,所,64,0
所_001.csv,所,64,1
所_002.csv,所,64,2
所_003.csv,所,64,3
所_004.csv,所,64,4
所_005.csv,所,64,5
所_006.csv,所,64,6
所_007.csv,所,64,7
所_008.csv,所,64,8
所_009.csv,所,64,9
成_000.csv,成,65,0
成_001.csv,成,65,1
成_002.csv,成,65,2
成_003.csv,成,65,3
成_004.csv,成,65,4
成_005.csv,成,65,5
成_006.csv,成,65,6
成_007.csv,成,65,7
成_008.csv,成,65,8
成_009.csv,成,65,9
开_000.csv,开,66,0
开_001.csv,开,66,1
开_002.csv,开,66,2
开_003.csv,开,66,3
开_004.csv,开,66,4
开_005.csv,开,66,5
开_006.csv,开,66,6
开_007.csv,开,66,7
开_008.csv,开,66,8
开_009.csv,开,66,9
实_000.csv,实,67,0
实_001.csv,实,67,1
实_002.csv,实,67,2
实_003.csv,实,67,3
实_004.csv,实,67,4
实_005.csv,实,67,5
实_006.csv,实,67,6
实_007.csv,实,67,7
实_008.csv,实,67,8
实_009.csv,实,67,9
作_000.csv,作,68,0
作_001.csv,作,68,1
作_002.csv,作,68,2
作_003.csv,作,68,3
作_004.csv,作,68,4
作_005.csv,作,68,5
作_006.csv,作,68,6
作_007.csv,作,68,7
作_008.csv,作,68,8
作_009.csv,作,68,9
手_000.csv,手,69,0
手_001.csv,手,69,1
手_002.csv,手,69,2
手_003.csv,手,69,3
手_004.csv,手,69,4
手_005.csv,手,69,5
手_006.csv,手,69,6
手_007.csv,手,69,7
手_008.csv,手,69,8
手_009.csv,手,69,9
心_000.csv,心,70,0
心_001.csv,心,70,1
心_002.csv,心,70,2
心_003.csv,心,70,3
心_004.csv,心,70,4
心_005.csv,心,70,5
心_006.csv,心,70,6
心_007.csv,心,70,7
心_008.csv,心,70,8
心_009.csv,心,70,9
行_000.csv,行,71,0
行_001.csv,行,71,1
行_002.csv,行,71,2
行_003.csv,行,71,3
行_004.csv,行,71,4
行_005.csv,行,71,5
行_006.csv,行,71,6
行_007.csv,行,71,7
行_008.csv,行,71,8
行_009.csv,行,71,9
面_000.csv,面,72,0
面_001.csv,面,72,1
面_002.csv,面,72,2
面_003.csv,面,72,3
面_004.csv,面,72,4
面_005.csv,面,72,5
面_006.csv,面,72,6
面_007.csv,面,72,7
面_008.csv,面,72,8
面_009.csv,面,72,9
明_000.csv,明,73,0
明_001.csv,明,73,1
明_002.csv,明,73,2
明_003.csv,明,73,3
明_004.csv,明,73,4
明_005.csv,明,73,5
明_006.csv,明,73,6
明_007.csv,明,73,7
明_008.csv,明,73,8
明_009.csv,明,73,9
想_000.csv,想,74,0
想_001.csv,想,74,1
想_002.csv,想,74,2
想_003.csv,想,74,3
想_004.csv,想,74,4
想_005.csv,想,74,5
想_006.csv,想,74,6
想_007.csv,想,74,7
想_008.csv,想,74,8
想_009.csv,想,74,9
头_000.csv,头,75,0
头_001.csv,头,75,1
头_002.csv,头,75,2
头_003.csv,头,75,3
头_004.csv,头,75,4
头_005.csv,头,75,5
头_006.csv,头,75,6
头_007.csv,头,75,7
头_008.csv,头,75,8
头_009.csv,头,75,9
事_000.csv,事,76,0
事_001.csv,事,76,1
事_002.csv,事,76,2
事_003.csv,事,76,3
事_004.csv,事,76,4
事_005.csv,事,76,5
事_006.csv,事,76,6
事_007.csv,事,76,7
事_008.csv,事,76,8
事_009.csv,事,76,9
长_000.csv,长,77,0
长_001.csv,长,77,1
长_002.csv,长,77,2
长_003.csv,长,77,3
长_004.csv,长,77,4
长_005.csv,长,77,5
长_006.csv,长,77,6
长_007.csv,长,77,7
长_008.csv,长,77,8
长_009.csv,长,77,9
动_000.csv,动,78,0
动_001.csv,动,78,1
动_002.csv,动,78,2
动_003.csv,动,78,3
动_004.csv,动,78,4
动_005.csv,动,78,5
动_006.csv,动,78,6
动_007.csv,动,78,7
动_008.csv,动,78,8
动_009.csv,动,78,9
发_000.csv,发,79,0
发_001.csv,发,79,1
发_002.csv,发,79,2
发_003.csv,发,79,3
发_004.csv,发,79,4
发_005.csv,发,79,5
发_006.csv,发,79,6
发_007.csv,发,79,7
发_008.csv,发,79,8
发_009.csv,发,79,9
地_000.csv,地,80,0
地_001.csv,地,80,1
地_002.csv,地,80,2
地_003.csv,地,80,3
地_004.csv,地,80,4
地_005.csv,地,80,5
地_006.csv,地,80,6
地_007.csv,地,80,7
地_008.csv,地,80,8
地_009.csv,地,80,9
方_000.csv,方,81,0
方_001.csv,方,81,1
方_002.csv,方,81,2
方_003.csv,方,81,3
方_004.csv,方,81,4
方_005.csv,方,81,5
方_006.csv,方,81,6
方_007.csv,方,81,7
方_008.csv,方,81,8
方_009.csv,方,81,9
分_000.csv,分,82,0
分_001.csv,分,82,1
分_002.csv,分,82,2
分_003.csv,分,82,3
分_004.csv,分,82,4
分_005.csv,分,82,5
分_006.csv,分,82,6
分_007.csv,分,82,7
分_008.csv,分,82,8
分_009.csv,分,82,9
而_000.csv,而,83,0
而_001.csv,而,83,1
而_002.csv,而,83,2
而_003.csv,而,83,3
而_004.csv,而,83,4
而_005.csv,而,83,5
而_006.csv,而,83,6
而_007.csv,而,83,7
而_008.csv,而,83,8
而_009.csv,而,83,9
子_000.csv,子,84,0
子_001.csv,子,84,1
子_002.csv,子,84,2
子_003.csv,子,84,3
子_004.csv,子,84,4
子_005.csv,子,84,5
子_006.csv,子,84,6
子_007.csv,子,84,7
子_008.csv,子,84,8
子_009.csv,子,84,9
里_000.csv,里,85,0
里_001.csv,里,85,1
里_002.csv,里,85,2
里_003.csv,里,85,3
里_004.csv,里,85,4
里_005.csv,里,85,5
里_006.csv,里,85,6
里_007.csv,里,85,7
里_008.csv,里,85,8
里_009.csv,里,85,9
新_000.csv,新,86,0
新_001.csv,新,86,1
新_002.csv,新,86,2
新_003.csv,新,86,3
新_004.csv,新,86,4
新_005.csv,新,86,5
新_006.csv,新,86,6
新_007.csv,新,86,7
新_008.csv,新,86,8
新_009.csv,新,86,9
情_000.csv,情,87,0
情_001.csv,情,87,1
情_002.csv,情,87,2
情_003.csv,情,87,3
情_004.csv,情,87,4
情_005.csv,情,87,5
情_006.csv,情,87,6
情_007.csv,情,87,7
情_008.csv,情,87,8
情_009.csv,情,87,9
正_000.csv,正,88,0
正_001.csv,正,88,1
正_002.csv,正,88,2
正_003.csv,正,88,3
正_004.csv,正,88,4
正_005.csv,正,88,5
正_006.csv,正,88,6
正_007.csv,正,88,7
正_008.csv,正,88,8
正_009.csv,正,88,9
确_000.csv,确,89,0
确_001.csv,确,89,1
确_002.csv,确,89,2
确_003.csv,确,89,3
确_004.csv,确,89,4
确_005.csv,确,89,5
确_006.csv,确,89,6
确_007.csv,确,89,7
确_008.csv,确,89,8
确_009.csv,确,89,9
本_000.csv,本,90,0
本_001.csv,本,90,1
本_002.csv,本,90,2
本_003.csv,本,90,3
本_004.csv,本,90,4
本_005.csv,本,90,5
本_006.csv,本,90,6
本_007.csv,本,90,7
本_008.csv,本,90,8
本_009.csv,本,90,9
性_000.csv,性,91,0
性_001.csv,性,91,1
性_002.csv,性,91,2
性_003.csv,性,91,3
性_004.csv,性,91,4
性_005.csv,性,91,5
性_006.csv,性,91,6
性_007.csv,性,91,7
性_008.csv,性,91,8
性_009.csv,性,91,9
体_000.csv,体,92,0
体_001.csv,体,92,1
体_002.csv,体,92,2
体_003.csv,体,92,3
体_004.csv,体,92,4
体_005.csv,体,92,5
体_006.csv,体,92,6
体_007.csv,体,92,7
体_008.csv,体,92,8
体_009.csv,体,92,9
点_000.csv,点,93,0
点_001.csv,点,93,1
点_002.csv,点,93,2
点_003.csv,点,93,3
点_004.csv,点,93,4
点_005.csv,点,93,5
点_006.csv,点,93,6
点_007.csv,点,93,7
点_008.csv,点,93,8
点_009.csv,点,93,9
理_000.csv,理,94,0
理_001.csv,理,94,1
理_002.csv,理,94,2
理_003.csv,理,94,3
理_004.csv,理,94,4
理_005.csv,理,94,5
理_006.csv,理,94,6
理_007.csv,理,94,7
理_008.csv,理,94,8
理_009.csv,理,94,9
机_000.csv,机,95,0
机_001.csv,机,95,1
机_002.csv,机,95,2
机_003.csv,机,95,3
机_004.csv,机,95,4
机_005.csv,机,95,5
机_006.csv,机,95,6
机_007.csv,机,95,7
机_008.csv,机,95,8
机_009.csv,机,95,9
锯_000.csv,锯,96,0
锯_001.csv,锯,96,1
锯_002.csv,锯,96,2
锯_003.csv,锯,96,3
锯_004.csv,锯,96,4
锯_005.csv,锯,96,5
锯_006.csv,锯,96,6
锯_007.csv,锯,96,7
锯_008.csv,锯,96,8
锯_009.csv,锯,96,9
肾_000.csv,肾,97,0
肾_001.csv,肾,97,1
肾_002.csv,肾,97,2
肾_003.csv,肾,97,3
肾_004.csv,肾,97,4
肾_005.csv,肾,97,5
肾_006.csv,肾,97,6
肾_007.csv,肾,97,7
肾_008.csv,肾,97,8
肾_009.csv,肾,97,9
步_000.csv,步,98,0
步_001.csv,步,98,1
步_002.csv,步,98,2
步_003.csv,步,98,3
步_004.csv,步,98,4
步_005.csv,步,98,5
步_006.csv,步,98,6
步_007.csv,步,98,7
步_008.csv,步,98,8
步_009.csv,步,98,9
功_000.csv,功,99,0
功_001.csv,功,99,1
功_002.csv,功,99,2
功_003.csv,功,99,3
功_004.csv,功,99,4
功_005.csv,功,99,5
功_006.csv,功,99,6
功_007.csv,功,99,7
功_008.csv,功,99,8
功_009.csv,功,99,9
